{"stats":{"minecraft:broken":{"minecraft:wooden_axe":1},"minecraft:mined":{"minecraft:dark_oak_planks":7,"minecraft:smithing_table":1,"botania:lime_mystical_flower":2,"minecraft:brown_mushroom":1,"iceandfire:graveyard_soil":1,"minecraft:red_bed":4,"minecraft:dark_oak_leaves":1,"minecraft:dark_oak_log":3,"minecraft:spruce_door":1,"minecraft:crafting_table":4,"minecraft:spruce_trapdoor":2,"minecraft:dark_oak_wood":5,"minecraft:red_sand":1,"minecraft:blast_furnace":1,"minecraft:smooth_red_sandstone_stairs":3,"minecraft:melon":10,"iceandfire:ghost_chest":1,"minecraft:chest":8,"minecraft:dead_bush":88,"minecraft:tall_grass":1,"minecraft:cobblestone":3,"minecraft:composter":4,"minecraft:sugar_cane":16,"minecraft:wall_torch":1,"minecraft:skeleton_skull":2,"minecraft:hay_block":6,"minecraft:seagrass":6,"minecraft:tall_seagrass":1,"minecraft:furnace":5,"minecraft:carrots":21,"minecraft:iron_ore":3,"minecraft:wheat":72,"minecraft:diamond_block":2,"minecraft:wither_rose":2,"minecraft:potatoes":11,"botania:yellow_mystical_flower":2,"minecraft:coal_ore":10,"minecraft:beetroots":5,"minecraft:vine":6,"minecraft:sand":1,"botania:gray_mystical_flower":1,"minecraft:azalea_leaves":1,"minecraft:stone":29},"minecraft:killed":{"minecraft:salmon":3,"minecraft:creeper":2,"minecraft:zombie":3,"iceandfire:ghost":2},"minecraft:dropped":{"botania:yellow_mystical_flower":2,"relics:spore_sack":1,"minecraft:crafting_table":1,"minecraft:rotten_flesh":2,"minecraft:smooth_red_sandstone_stairs":2,"minecraft:wooden_pickaxe":1},"minecraft:killed_by":{"iceandfire:ghost":1},"minecraft:custom":{"minecraft:interact_with_furnace":7,"minecraft:mob_kills":10,"minecraft:interact_with_crafting_table":15,"minecraft:open_barrel":3,"minecraft:leave_game":1,"minecraft:time_since_death":40223,"minecraft:sleep_in_bed":8,"minecraft:time_since_rest":7064,"minecraft:sprint_one_cm":162095,"minecraft:damage_taken":1088,"minecraft:walk_one_cm":245837,"minecraft:trigger_trapped_chest":2,"minecraft:drop":6,"minecraft:damage_dealt":1867,"minecraft:swim_one_cm":24148,"minecraft:fly_one_cm":276359,"minecraft:open_chest":72,"minecraft:play_time":57923,"minecraft:crouch_one_cm":1898,"minecraft:sneak_time":522,"tombstone:undead_killed":5,"minecraft:deaths":1,"minecraft:walk_under_water_one_cm":13497,"minecraft:boat_one_cm":35910,"minecraft:jump":1176,"minecraft:walk_on_water_one_cm":8145,"minecraft:total_world_time":57923,"minecraft:fall_one_cm":29853},"minecraft:picked_up":{"minecraft:smooth_red_sandstone_stairs":3,"minecraft:crafting_table":5,"minecraft:wheat":31,"minecraft:salmon":3,"minecraft:smithing_table":1,"minecraft:dark_oak_boat":1,"minecraft:brown_mushroom":1,"minecraft:potato":41,"minecraft:wither_rose":2,"minecraft:enchanted_book":2,"iceandfire:ectoplasm":7,"minecraft:gunpowder":3,"relics:spore_sack":1,"minecraft:red_bed":4,"minecraft:paper":3,"minecraft:armor_stand":1,"minecraft:bone":5,"minecraft:beetroot":5,"iceandfire:graveyard_soil":1,"minecraft:wheat_seeds":116,"minecraft:red_sand":2,"minecraft:gold_nugget":5,"minecraft:raw_gold":1,"minecraft:melon_slice":43,"minecraft:sugar_cane":31,"minecraft:chest":8,"botania:gray_mystical_flower":1,"minecraft:spruce_trapdoor":2,"minecraft:furnace":5,"minecraft:stick":55,"minecraft:raw_iron":3,"iceandfire:ghost_chest":1,"minecraft:composter":4,"minecraft:torch":1,"botania:yellow_mystical_flower":2,"minecraft:blast_furnace":1,"minecraft:carrot":81,"minecraft:diamond_block":2,"minecraft:spruce_door":1,"minecraft:dark_oak_log":3,"minecraft:dark_oak_planks":7,"iceandfire:silver_ingot":1,"minecraft:cactus":5,"minecraft:rotten_flesh":5,"botania:lime_mystical_flower":2,"minecraft:beetroot_seeds":18,"minecraft:hay_block":6,"minecraft:granite":1,"minecraft:bread":4,"minecraft:dark_oak_wood":5,"minecraft:coal":17,"minecraft:skeleton_skull":2,"minecraft:cobblestone":35},"minecraft:crafted":{"minecraft:diamond_axe":1,"minecraft:dark_oak_boat":1,"minecraft:crafting_table":1,"minecraft:wooden_pickaxe":1,"minecraft:furnace":1,"minecraft:hay_block":6,"travelersbackpack:diamond":1,"minecraft:air":0,"minecraft:bread":3,"minecraft:diamond":18,"minecraft:iron_ingot":3,"minecraft:iron_pickaxe":1,"minecraft:stone_pickaxe":1,"minecraft:wooden_axe":1,"minecraft:dark_oak_planks":32,"minecraft:torch":12},"minecraft:used":{"minecraft:wheat_seeds":36,"minecraft:red_sand":1,"minecraft:dead_bush":2,"minecraft:stone_pickaxe":33,"minecraft:wooden_pickaxe":10,"minecraft:chest":5,"minecraft:diamond_axe":10,"travelersbackpack:diamond":2,"minecraft:rotten_flesh":3,"minecraft:cookie":1,"minecraft:salmon":3,"minecraft:torch":10,"minecraft:crafting_table":4,"minecraft:red_bed":3,"minecraft:carrot":10,"minecraft:granite":1,"minecraft:wooden_axe":46,"minecraft:bread":9,"minecraft:melon_slice":8,"minecraft:iron_pickaxe":13,"minecraft:cobblestone":10,"minecraft:dark_oak_boat":1,"travelersbackpack:standard":3,"minecraft:furnace":1}},"DataVersion":3465}