{"stats":{"minecraft:killed":{"minecraft:spider":4,"minecraft:creeper":1,"minecraft:skeleton":1,"minecraft:pillager":2,"minecraft:zombie":14,"artifacts:mimic":5},"minecraft:broken":{"minecraft:stone_sword":1,"minecraft:iron_hoe":1},"minecraft:custom":{"minecraft:interact_with_furnace":22,"minecraft:mob_kills":28,"tombstone:raider_killed":2,"minecraft:interact_with_crafting_table":27,"minecraft:open_barrel":29,"minecraft:eat_cake_slice":2,"minecraft:leave_game":5,"minecraft:time_since_death":59362,"minecraft:sleep_in_bed":5,"minecraft:climb_one_cm":1502,"minecraft:time_since_rest":10422,"minecraft:sprint_one_cm":314678,"minecraft:damage_absorbed":40,"minecraft:damage_taken":1993,"minecraft:walk_one_cm":297579,"minecraft:damage_blocked_by_shield":405,"minecraft:drop":3,"minecraft:damage_dealt":6652,"tombstone:cast_on_ally":0,"minecraft:swim_one_cm":3210,"minecraft:talked_to_villager":2,"minecraft:fly_one_cm":427490,"minecraft:open_chest":45,"minecraft:crouch_one_cm":46991,"minecraft:play_time":90871,"tombstone:undead_killed":15,"minecraft:deaths":2,"minecraft:sneak_time":14784,"minecraft:walk_under_water_one_cm":440,"minecraft:boat_one_cm":8550,"minecraft:jump":2157,"minecraft:interact_with_blast_furnace":6,"minecraft:walk_on_water_one_cm":8265,"minecraft:total_world_time":90871,"minecraft:fall_one_cm":56211},"minecraft:killed_by":{"minecraft:creeper":1,"minecraft:pillager":1},"minecraft:used":{"minecraft:stone_sword":126,"minecraft:diamond_boots":1,"minecraft:rabbit":2,"minecraft:stone_pickaxe":69,"tombstone:scroll_of_frost_resistance":1,"minecraft:wooden_pickaxe":7,"minecraft:shield":26,"minecraft:iron_chestplate":2,"minecraft:golden_apple":1,"minecraft:torch":62,"minecraft:glow_berries":4,"minecraft:sand":12,"minecraft:terracotta":2,"minecraft:red_bed":2,"tombstone:scroll_of_feather_fall":1,"minecraft:crafting_table":9,"minecraft:chainmail_chestplate":1,"minecraft:crossbow":8,"minecraft:tuff":50,"relics:horse_flute":4,"minecraft:iron_hoe":250,"minecraft:iron_axe":18,"minecraft:bread":29,"minecraft:iron_pickaxe":280,"minecraft:stone_axe":42,"minecraft:cobblestone":55,"minecraft:dark_oak_boat":3,"minecraft:furnace":5,"tombstone:gift":3,"minecraft:pumpkin_pie":5,"minecraft:cobbled_deepslate":20,"minecraft:candle":1,"minecraft:iron_leggings":1},"minecraft:mined":{"minecraft:dark_oak_planks":19,"minecraft:yellow_terracotta":2,"minecraft:tuff":50,"minecraft:red_bed":3,"minecraft:deepslate_diamond_ore":5,"minecraft:sculk_vein":18,"minecraft:crafting_table":8,"minecraft:torch":1,"minecraft:blast_furnace":1,"minecraft:smooth_red_sandstone_stairs":1,"minecraft:dead_bush":13,"minecraft:sculk_sensor":14,"minecraft:cobblestone":9,"minecraft:deepslate_gold_ore":2,"minecraft:sculk":255,"minecraft:diorite":1,"minecraft:spawner":2,"minecraft:seagrass":1,"minecraft:furnace":5,"minecraft:iron_ore":18,"minecraft:andesite":20,"minecraft:stripped_spruce_log":4,"minecraft:sculk_shrieker":3,"minecraft:bookshelf":13,"minecraft:coal_ore":29,"minecraft:deepslate_iron_ore":9,"minecraft:sand":10,"minecraft:cobweb":5,"minecraft:brown_terracotta":2,"minecraft:terracotta":2,"minecraft:stone":56,"minecraft:deepslate":105},"minecraft:crafted":{"create:andesite_alloy":1,"minecraft:iron_nugget":9,"minecraft:dark_oak_boat":1,"minecraft:crafting_table":2,"minecraft:spruce_planks":16,"minecraft:iron_helmet":1,"minecraft:wooden_pickaxe":1,"minecraft:furnace":1,"minecraft:stone_axe":1,"minecraft:bread":11,"minecraft:air":0,"minecraft:shield":1,"minecraft:iron_hoe":1,"minecraft:stick":8,"minecraft:iron_ingot":23,"minecraft:iron_pickaxe":1,"minecraft:stone_pickaxe":1,"minecraft:stone_sword":1,"minecraft:diamond_boots":1,"minecraft:iron_leggings":1,"minecraft:torch":56},"minecraft:dropped":{"minecraft:diorite":1,"minecraft:rabbit":1,"minecraft:bone":1},"minecraft:picked_up":{"minecraft:smooth_red_sandstone_stairs":1,"minecraft:crafting_table":8,"artifacts:night_vision_goggles":1,"minecraft:andesite":20,"artifacts:bunny_hoppers":1,"minecraft:dark_oak_boat":2,"artifacts:thorn_pendant":1,"minecraft:tuff":50,"minecraft:red_bed":3,"minecraft:string":13,"artifacts:feral_claws":1,"minecraft:bone":2,"minecraft:candle":1,"minecraft:cobbled_deepslate":102,"minecraft:raw_gold":2,"minecraft:rabbit":3,"minecraft:furnace":4,"minecraft:book":21,"minecraft:stick":15,"minecraft:raw_iron":27,"iceandfire:dragonbone":4,"artifacts:rooted_boots":1,"minecraft:brown_terracotta":2,"minecraft:torch":2,"minecraft:sand":12,"minecraft:stripped_spruce_log":4,"tombstone:grave_dust":4,"minecraft:blast_furnace":1,"minecraft:diorite":1,"minecraft:spider_eye":1,"minecraft:dark_oak_planks":18,"minecraft:arrow":4,"minecraft:rotten_flesh":2,"minecraft:diamond":9,"minecraft:yellow_terracotta":1,"minecraft:terracotta":2,"minecraft:coal":57,"minecraft:cobblestone":71}},"DataVersion":3465}