{"stats":{"minecraft:broken":{"minecraft:wooden_pickaxe":1,"minecraft:stone_axe":1},"minecraft:mined":{"minecraft:dark_oak_planks":6,"minecraft:yellow_terracotta":6,"minecraft:oak_sapling":1,"iceandfire:silver_ore":6,"minecraft:dark_oak_log":7,"minecraft:potted_cactus":2,"minecraft:spruce_trapdoor":3,"minecraft:dark_oak_fence":2,"minecraft:red_sand":5,"minecraft:smooth_red_sandstone_stairs":5,"minecraft:grass_block":20,"minecraft:spawner":1,"minecraft:hay_block":10,"minecraft:magma_block":1,"minecraft:raw_gold_block":1,"minecraft:red_sandstone":1,"minecraft:diamond_block":3,"minecraft:smooth_red_sandstone":1,"minecraft:bookshelf":16,"minecraft:flowering_azalea_leaves":10,"minecraft:rail":1,"minecraft:lantern":2,"minecraft:azalea_leaves":39,"minecraft:stone":47,"minecraft:white_wool":3,"minecraft:green_wool":2,"minecraft:smithing_table":2,"minecraft:glass_pane":1,"minecraft:red_bed":4,"minecraft:orange_terracotta":3,"travelersbackpack:standard":1,"minecraft:torch":3,"minecraft:blast_furnace":1,"minecraft:chest":2,"minecraft:dead_bush":17,"iceandfire:fire_lily":1,"minecraft:copper_ore":5,"minecraft:cobblestone":13,"minecraft:smooth_red_sandstone_slab":1,"minecraft:grindstone":2,"minecraft:sugar_cane":10,"minecraft:oak_planks":1,"minecraft:bricks":1,"minecraft:seagrass":1,"botania:cyan_mystical_flower":2,"minecraft:cactus":7,"minecraft:tnt":1,"minecraft:coal_ore":6,"minecraft:sand":66,"minecraft:dirt":19,"minecraft:brown_terracotta":25,"minecraft:terracotta":3,"minecraft:cut_red_sandstone":2,"minecraft:gold_ore":17},"minecraft:killed":{"minecraft:vex":1,"minecraft:evoker":1,"minecraft:cave_spider":2,"minecraft:witch":2,"minecraft:vindicator":7,"minecraft:skeleton":2,"minecraft:salmon":1,"minecraft:creeper":1,"minecraft:pillager":9,"minecraft:zombie":3},"minecraft:dropped":{"minecraft:water_bucket":2,"minecraft:wheat_seeds":6,"minecraft:lapis_lazuli":12,"minecraft:diamond":5,"minecraft:red_sandstone":2,"minecraft:crossbow":1,"minecraft:glow_berries":14,"minecraft:lantern":1,"minecraft:chest_minecart":4,"tombstone:grave_dust":2,"minecraft:sand":1,"minecraft:cactus":1,"iceandfire:dragon_skull_fire":2,"minecraft:detector_rail":8,"minecraft:raw_copper":34,"tombstone:gift":1,"minecraft:grindstone":4,"iceandfire:fire_lily":2,"minecraft:name_tag":4,"minecraft:blast_furnace":2,"travelersbackpack:gold_tier_upgrade":2,"minecraft:orange_terracotta":6,"minecraft:melon_seeds":2,"minecraft:chest":1,"minecraft:smooth_red_sandstone_stairs":3,"minecraft:powered_rail":4,"minecraft:glass":14,"botania:black_lotus":6},"minecraft:killed_by":{"minecraft:vindicator":8,"minecraft:skeleton":1,"minecraft:vex":2},"minecraft:custom":{"minecraft:mob_kills":29,"minecraft:interact_with_crafting_table":39,"minecraft:open_barrel":17,"minecraft:leave_game":2,"minecraft:time_since_death":10221,"minecraft:climb_one_cm":3382,"minecraft:sprint_one_cm":251017,"minecraft:damage_blocked_by_shield":120,"minecraft:walk_one_cm":587712,"minecraft:drop":54,"minecraft:talked_to_villager":1,"minecraft:play_time":121365,"minecraft:deaths":11,"minecraft:sneak_time":1700,"minecraft:walk_under_water_one_cm":14685,"minecraft:interact_with_lectern":1,"minecraft:interact_with_brewingstand":1,"minecraft:jump":1743,"minecraft:interact_with_blast_furnace":1,"minecraft:walk_on_water_one_cm":16195,"minecraft:total_world_time":121365,"minecraft:interact_with_furnace":34,"tombstone:raider_killed":19,"minecraft:sleep_in_bed":6,"minecraft:time_since_rest":9757,"minecraft:damage_taken":4767,"minecraft:damage_absorbed":40,"minecraft:damage_dealt":6544,"minecraft:swim_one_cm":20559,"minecraft:fly_one_cm":306581,"minecraft:open_chest":118,"minecraft:crouch_one_cm":3936,"tombstone:undead_killed":5,"minecraft:fall_one_cm":24763},"minecraft:picked_up":{"minecraft:wheat":5,"minecraft:flower_pot":2,"minecraft:chest_minecart":8,"iceandfire:fire_lily":4,"minecraft:smithing_table":2,"minecraft:enchanted_book":1,"minecraft:string":2,"minecraft:red_bed":4,"minecraft:raw_copper":68,"minecraft:activator_rail":17,"minecraft:red_sand":7,"minecraft:detector_rail":12,"minecraft:bucket":1,"minecraft:sugar_cane":48,"minecraft:chest":3,"minecraft:spruce_trapdoor":3,"minecraft:stick":21,"minecraft:raw_gold_block":1,"minecraft:brown_terracotta":25,"minecraft:torch":3,"tombstone:grave_dust":5,"minecraft:dark_oak_planks":7,"botania:black_lotus":9,"minecraft:tnt":1,"minecraft:arrow":11,"minecraft:cactus":21,"minecraft:rotten_flesh":6,"minecraft:hay_block":10,"minecraft:yellow_terracotta":6,"minecraft:green_wool":2,"minecraft:totem_of_undying":1,"minecraft:glow_berries":21,"minecraft:rail":29,"minecraft:white_wool":3,"minecraft:cobblestone":60,"minecraft:smooth_red_sandstone_stairs":6,"minecraft:smooth_red_sandstone":1,"minecraft:water_bucket":2,"minecraft:salmon":2,"minecraft:potato":4,"minecraft:gunpowder":4,"minecraft:white_banner":2,"minecraft:lantern":4,"travelersbackpack:gold_tier_upgrade":3,"minecraft:lapis_lazuli":18,"minecraft:dirt":39,"tombstone:gift":2,"minecraft:name_tag":6,"minecraft:orange_terracotta":15,"minecraft:glass":14,"botania:cyan_mystical_flower":2,"minecraft:red_sandstone":4,"minecraft:wheat_seeds":6,"minecraft:raw_gold":17,"minecraft:grindstone":8,"minecraft:rabbit":1,"minecraft:powered_rail":6,"minecraft:honeycomb":3,"minecraft:flowering_azalea":1,"minecraft:book":63,"relics:hunter_belt":1,"iceandfire:dragon_skull_fire":4,"minecraft:sand":63,"minecraft:blast_furnace":4,"minecraft:diamond_block":3,"minecraft:dark_oak_log":7,"minecraft:spider_eye":5,"minecraft:cut_red_sandstone":2,"travelersbackpack:standard":1,"minecraft:pumpkin_seeds":1,"minecraft:crossbow":2,"minecraft:emerald":7,"minecraft:terracotta":3,"minecraft:oak_sapling":1,"minecraft:melon_seeds":3,"minecraft:dark_oak_fence":2,"minecraft:bricks":1,"minecraft:coal":5,"iceandfire:raw_silver":6},"minecraft:crafted":{"travelersbackpack:hose_nozzle":1,"minecraft:green_dye":4,"minecraft:glass":28,"minecraft:diamond":27,"minecraft:diamond_leggings":1,"minecraft:leather":4,"travelersbackpack:green_sleeping_bag":1,"minecraft:stone_pickaxe":1,"minecraft:chest":1,"minecraft:dark_oak_planks":16,"travelersbackpack:hose":1,"iceandfire:silver_ingot":6,"travelersbackpack:backpack_tank":3,"minecraft:wooden_pickaxe":1,"travelersbackpack:standard":1,"minecraft:stone_axe":1,"minecraft:air":0,"minecraft:shield":1,"minecraft:gold_ingot":9,"minecraft:diamond_chestplate":1},"minecraft:used":{"minecraft:iron_shovel":98,"minecraft:red_sand":4,"minecraft:chest":1,"minecraft:shield":5,"minecraft:cooked_chicken":4,"minecraft:torch":7,"minecraft:dirt":1,"minecraft:brown_terracotta":18,"minecraft:dark_oak_planks":1,"minecraft:flowering_azalea":1,"minecraft:bricks":1,"minecraft:lantern":3,"minecraft:iron_axe":31,"minecraft:iron_boots":1,"minecraft:hay_block":4,"travelersbackpack:hose":8,"tombstone:gift":6,"minecraft:cooked_beef":2,"minecraft:cooked_mutton":2,"minecraft:stone_pickaxe":51,"minecraft:wooden_pickaxe":51,"minecraft:golden_apple":1,"minecraft:terracotta":3,"minecraft:yellow_terracotta":6,"minecraft:red_bed":4,"minecraft:smooth_red_sandstone":1,"relics:horse_flute":2,"minecraft:apple":1,"minecraft:bread":17,"minecraft:iron_pickaxe":95,"tombstone:grave_key":2,"minecraft:cut_red_sandstone":1,"minecraft:stone_axe":84,"minecraft:cobblestone":39,"travelersbackpack:standard":5,"minecraft:cooked_porkchop":2,"minecraft:dark_oak_fence":2}},"DataVersion":3465}