{"stats":{"minecraft:used":{"minecraft:stone_axe":20,"minecraft:crafting_table":1,"minecraft:stone_pickaxe":1,"minecraft:wooden_pickaxe":22},"minecraft:mined":{"minecraft:coal_ore":2,"minecraft:spruce_leaves":7,"minecraft:spruce_log":28,"minecraft:stone":21},"minecraft:custom":{"minecraft:time_since_rest":7968,"minecraft:crouch_one_cm":397,"minecraft:sprint_one_cm":4892,"minecraft:play_time":7968,"minecraft:walk_one_cm":23093,"minecraft:sneak_time":102,"minecraft:jump":42,"minecraft:leave_game":2,"minecraft:time_since_death":7968,"minecraft:total_world_time":7968,"minecraft:fall_one_cm":209,"minecraft:interact_with_crafting_table":4,"minecraft:fly_one_cm":9849},"minecraft:picked_up":{"minecraft:spruce_sapling":1,"minecraft:spruce_log":27,"minecraft:coal":2,"minecraft:cobblestone":21},"minecraft:crafted":{"minecraft:stone_axe":1,"minecraft:crafting_table":1,"minecraft:spruce_planks":24,"minecraft:stick":8,"minecraft:wooden_pickaxe":1,"minecraft:stone_pickaxe":1}},"DataVersion":3953}