{"stats":{"minecraft:broken":{"minecraft:stone_axe":1},"minecraft:mined":{"minecraft:dark_oak_planks":2,"create:zinc_ore":1,"iceandfire:silver_ore":2,"minecraft:dark_oak_fence":1,"minecraft:red_sand":22,"minecraft:grass_block":14,"create:ochrum":5,"minecraft:sandstone":1,"minecraft:hay_block":7,"minecraft:furnace":1,"minecraft:raw_gold_block":2,"minecraft:iron_ore":31,"minecraft:andesite":1,"minecraft:rail":1,"minecraft:iron_bars":10,"minecraft:stone":54,"minecraft:white_wool":6,"minecraft:orange_terracotta":2,"minecraft:polished_granite":2,"minecraft:crafting_table":8,"minecraft:blast_furnace":2,"minecraft:melon":3,"minecraft:dead_bush":27,"minecraft:cobblestone":1,"minecraft:sugar_cane":4,"minecraft:oak_planks":3,"minecraft:wall_torch":3,"minecraft:birch_planks":5,"minecraft:red_terracotta":1,"minecraft:blue_terracotta":1,"minecraft:dark_oak_slab":1,"minecraft:yellow_wool":11,"minecraft:wheat":7,"minecraft:yellow_bed":2,"minecraft:oak_log":44,"minecraft:coal_ore":55,"minecraft:beetroots":1,"minecraft:dirt":24,"minecraft:terracotta":1,"minecraft:gold_ore":15},"minecraft:killed":{"minecraft:spider":1,"minecraft:skeleton":3,"minecraft:creeper":5,"minecraft:zombie":5},"minecraft:dropped":{"minecraft:cactus":6,"minecraft:rotten_flesh":4,"minecraft:iron_boots":1},"minecraft:killed_by":{"iceandfire:hippogryph":1,"iceandfire:ghost":1,"minecraft:vex":1},"minecraft:custom":{"minecraft:interact_with_smithing_table":1,"minecraft:mob_kills":14,"minecraft:interact_with_crafting_table":22,"minecraft:open_barrel":7,"minecraft:leave_game":3,"minecraft:time_since_death":36879,"minecraft:climb_one_cm":987,"minecraft:sprint_one_cm":558121,"minecraft:walk_one_cm":447744,"minecraft:damage_blocked_by_shield":360,"minecraft:drop":5,"minecraft:talked_to_villager":4,"minecraft:play_time":121746,"minecraft:deaths":4,"minecraft:sneak_time":1835,"minecraft:walk_under_water_one_cm":14249,"minecraft:jump":2647,"minecraft:interact_with_brewingstand":1,"minecraft:interact_with_blast_furnace":11,"minecraft:walk_on_water_one_cm":18425,"minecraft:total_world_time":121746,"minecraft:interact_with_furnace":25,"minecraft:sleep_in_bed":7,"minecraft:time_since_rest":20425,"minecraft:damage_taken":3085,"minecraft:damage_dealt":2007,"minecraft:swim_one_cm":18583,"minecraft:fly_one_cm":584091,"minecraft:open_chest":100,"minecraft:crouch_one_cm":6833,"tombstone:undead_killed":8,"minecraft:fall_one_cm":84936},"minecraft:picked_up":{"minecraft:iron_chestplate":1,"minecraft:crafting_table":8,"minecraft:wheat":5,"minecraft:yellow_wool":11,"minecraft:lead":2,"minecraft:string":4,"minecraft:armor_stand":1,"minecraft:red_sand":22,"minecraft:melon_slice":17,"minecraft:sugar_cane":10,"minecraft:iron_boots":2,"minecraft:furnace":1,"iceandfire:dragonbone":2,"minecraft:raw_iron":31,"minecraft:stick":25,"minecraft:sandstone":1,"minecraft:raw_gold_block":2,"minecraft:torch":2,"minecraft:dark_oak_planks":1,"minecraft:arrow":6,"minecraft:rotten_flesh":6,"minecraft:beetroot_seeds":1,"minecraft:hay_block":7,"create:ochrum":5,"minecraft:iron_bars":3,"minecraft:cobblestone":55,"minecraft:white_wool":5,"minecraft:rail":1,"minecraft:andesite":1,"minecraft:dark_oak_boat":1,"minecraft:potato":1,"minecraft:birch_planks":5,"create:raw_zinc":1,"minecraft:oak_log":44,"minecraft:yellow_bed":2,"minecraft:gunpowder":1,"minecraft:dirt":37,"minecraft:lantern":1,"minecraft:white_banner":1,"minecraft:polished_granite":2,"minecraft:orange_terracotta":2,"minecraft:bone":5,"minecraft:apple":3,"minecraft:bow":1,"minecraft:wheat_seeds":16,"minecraft:raw_gold":15,"minecraft:oak_planks":2,"minecraft:dark_oak_slab":1,"iceandfire:dragon_skull_fire":1,"minecraft:ink_sac":1,"minecraft:blast_furnace":2,"minecraft:red_terracotta":1,"minecraft:blue_terracotta":1,"minecraft:terracotta":1,"minecraft:oak_sapling":16,"tombstone:magic_scroll":1,"minecraft:dark_oak_fence":1,"minecraft:coal":54,"iceandfire:raw_silver":2},"minecraft:crafted":{"minecraft:oak_planks":176,"minecraft:stone_shovel":1,"minecraft:furnace":1,"minecraft:yellow_bed":1,"minecraft:cooked_mutton":2,"minecraft:iron_boots":1,"minecraft:stone_pickaxe":1,"minecraft:chest":2,"minecraft:stone_hoe":1,"minecraft:cooked_rabbit":1,"minecraft:wheat":63,"minecraft:cooked_beef":5,"minecraft:crafting_table":1,"minecraft:wooden_pickaxe":1,"minecraft:iron_helmet":1,"minecraft:bucket":1,"minecraft:stone_axe":1,"minecraft:bread":36,"minecraft:shield":1,"minecraft:iron_ingot":23,"minecraft:iron_pickaxe":1,"minecraft:wooden_axe":1,"minecraft:iron_leggings":1,"minecraft:torch":68},"minecraft:used":{"minecraft:red_sand":21,"minecraft:armor_stand":1,"minecraft:stone_shovel":60,"minecraft:chest":2,"minecraft:shield":4,"minecraft:torch":97,"create:ochrum":2,"minecraft:dirt":37,"minecraft:wooden_axe":21,"minecraft:lantern":1,"minecraft:iron_axe":24,"minecraft:dark_oak_slab":1,"minecraft:furnace":2,"minecraft:oak_sapling":16,"tombstone:gift":2,"minecraft:cooked_beef":4,"minecraft:orange_terracotta":1,"minecraft:cooked_mutton":2,"minecraft:water_bucket":26,"minecraft:birch_planks":2,"minecraft:stone_pickaxe":126,"minecraft:oak_planks":16,"minecraft:wooden_pickaxe":9,"minecraft:cookie":1,"minecraft:white_wool":3,"minecraft:crafting_table":9,"minecraft:blast_furnace":1,"minecraft:crossbow":15,"minecraft:bread":47,"minecraft:iron_pickaxe":54,"minecraft:red_terracotta":1,"minecraft:polished_granite":2,"minecraft:yellow_wool":2,"minecraft:stone_axe":94,"minecraft:cobblestone":38,"minecraft:cooked_rabbit":1,"minecraft:bucket":27,"minecraft:andesite":1,"minecraft:yellow_bed":3}},"DataVersion":3465}